Frame Rate:,60.0000000000
Frame Number,Timecode,content_val,delta_hue,delta_lum,delta_sat
21,00:00:00.350,0.0,0.0,0.0,0.0
22,00:00:00.367,0.0,0.0,0.0,0.0
23,00:00:00.383,0.0,0.0,0.0,0.0
24,00:00:00.400,0.0,0.0,0.0,0.0
25,00:00:00.417,0.0,0.0,0.0,0.0
26,00:00:00.433,0.0,0.0,0.0,0.0
27,00:00:00.450,0.0,0.0,0.0,0.0
28,00:00:00.467,0.0,0.0,0.0,0.0
29,00:00:00.483,0.0,0.0,0.0,0.0
30,00:00:00.500,0.0,0.0,0.0,0.0
31,00:00:00.517,0.0,0.0,0.0,0.0
32,00:00:00.533,0.0,0.0,0.0,0.0
33,00:00:00.550,0.0,0.0,0.0,0.0
34,00:00:00.567,0.0,0.0,0.0,0.0
35,00:00:00.583,0.0,0.0,0.0,0.0
36,00:00:00.600,0.0,0.0,0.0,0.0
37,00:00:00.617,0.0,0.0,0.0,0.0
38,00:00:00.633,0.0,0.0,0.0,0.0
39,00:00:00.650,0.0,0.0,0.0,0.0
40,00:00:00.667,0.0,0.0,0.0,0.0
41,00:00:00.683,0.0,0.0,0.0,0.0
42,00:00:00.700,0.0,0.0,0.0,0.0
43,00:00:00.717,0.0,0.0,0.0,0.0
44,00:00:00.733,0.0,0.0,0.0,0.0
45,00:00:00.750,0.0,0.0,0.0,0.0
46,00:00:00.767,0.0,0.0,0.0,0.0
47,00:00:00.783,0.0,0.0,0.0,0.0
48,00:00:00.800,0.0,0.0,0.0,0.0
49,00:00:00.817,0.0,0.0,0.0,0.0
50,00:00:00.833,0.0,0.0,0.0,0.0
51,00:00:00.850,0.0,0.0,0.0,0.0
52,00:00:00.867,0.0,0.0,0.0,0.0
53,00:00:00.883,0.0,0.0,0.0,0.0
54,00:00:00.900,0.0,0.0,0.0,0.0
55,00:00:00.917,0.0,0.0,0.0,0.0
56,00:00:00.933,0.0,0.0,0.0,0.0
57,00:00:00.950,0.0,0.0,0.0,0.0
58,00:00:00.967,0.0,0.0,0.0,0.0
59,00:00:00.983,0.0,0.0,0.0,0.0
60,00:00:01.000,0.0,0.0,0.0,0.0
61,00:00:01.017,0.0,0.0,0.0,0.0
62,00:00:01.033,0.0,0.0,0.0,0.0
63,00:00:01.050,0.0,0.0,0.0,0.0
64,00:00:01.067,0.0,0.0,0.0,0.0
65,00:00:01.083,0.0,0.0,0.0,0.0
66,00:00:01.100,0.0,0.0,0.0,0.0
67,00:00:01.117,0.0,0.0,0.0,0.0
68,00:00:01.133,0.0,0.0,0.0,0.0
69,00:00:01.150,0.0,0.0,0.0,0.0
70,00:00:01.167,0.0,0.0,0.0,0.0
71,00:00:01.183,0.0,0.0,0.0,0.0
72,00:00:01.200,0.0,0.0,0.0,0.0
73,00:00:01.217,0.0,0.0,0.0,0.0
74,00:00:01.233,0.0,0.0,0.0,0.0
75,00:00:01.250,0.0,0.0,0.0,0.0
76,00:00:01.267,0.0,0.0,0.0,0.0
77,00:00:01.283,0.0,0.0,0.0,0.0
78,00:00:01.300,0.0,0.0,0.0,0.0
79,00:00:01.317,0.0,0.0,0.0,0.0
80,00:00:01.333,0.0,0.0,0.0,0.0
81,00:00:01.350,0.0,0.0,0.0,0.0
82,00:00:01.367,0.0,0.0,0.0,0.0
83,00:00:01.383,0.0,0.0,0.0,0.0
84,00:00:01.400,0.0,0.0,0.0,0.0
85,00:00:01.417,0.0,0.0,0.0,0.0
86,00:00:01.433,0.0,0.0,0.0,0.0
87,00:00:01.450,0.0,0.0,0.0,0.0
88,00:00:01.467,0.0,0.0,0.0,0.0
89,00:00:01.483,0.0,0.0,0.0,0.0
90,00:00:01.500,0.0,0.0,0.0,0.0
91,00:00:01.517,0.0,0.0,0.0,0.0
92,00:00:01.533,0.0,0.0,0.0,0.0
93,00:00:01.550,0.0,0.0,0.0,0.0
94,00:00:01.567,0.0,0.0,0.0,0.0
95,00:00:01.583,0.0,0.0,0.0,0.0
96,00:00:01.600,0.0,0.0,0.0,0.0
97,00:00:01.617,0.0,0.0,0.0,0.0
98,00:00:01.633,0.0,0.0,0.0,0.0
99,00:00:01.650,0.0,0.0,0.0,0.0
100,00:00:01.667,0.0,0.0,0.0,0.0
101,00:00:01.683,0.0,0.0,0.0,0.0
102,00:00:01.700,0.0,0.0,0.0,0.0
103,00:00:01.717,0.0,0.0,0.0,0.0
104,00:00:01.733,0.0,0.0,0.0,0.0
105,00:00:01.750,0.0,0.0,0.0,0.0
106,00:00:01.767,0.0,0.0,0.0,0.0
107,00:00:01.783,0.0,0.0,0.0,0.0
108,00:00:01.800,0.0,0.0,0.0,0.0
109,00:00:01.817,0.0,0.0,0.0,0.0
110,00:00:01.833,0.0,0.0,0.0,0.0
111,00:00:01.850,0.0,0.0,0.0,0.0
112,00:00:01.867,91.68376555266205,33.193386501736114,240.18440755208334,1.6735026041666667
113,00:00:01.883,0.3901638454861111,1.0877278645833333,0.045735677083333336,0.037027994791666664
114,00:00:01.900,0.006989655671296296,0.004964192708333333,0.015787760416666668,0.00021701388888888888
115,00:00:01.917,0.03063512731481481,0.0634765625,0.026936848958333332,0.001491970486111111
116,00:00:01.933,0.05775282118055555,0.12760416666666666,0.04226345486111111,0.003390842013888889
117,00:00:01.950,0.11708803530092594,0.2613661024305556,0.08365885416666667,0.006239149305555556
118,00:00:01.967,0.1163013599537037,0.11040581597222222,0.23583984375,0.002658420138888889
119,00:00:01.983,0.5208514178240741,0.1540798611111111,1.4049207899305556,0.0035536024305555555
120,00:00:02.000,1.528076171875,0.239013671875,4.338324652777778,0.006890190972222222
121,00:00:02.017,3.2744050202546298,0.2512478298611111,9.564805772569445,0.007161458333333333
122,00:00:02.033,6.621961805555556,0.7875434027777778,19.05593532986111,0.022406684027777776
123,00:00:02.050,7.707365813078703,3.001247829861111,19.99953884548611,0.1213107638888889
124,00:00:02.067,8.898600260416666,4.097873263888889,22.47116427951389,0.1267632378472222
125,00:00:02.083,4.719401041666667,2.7904730902777777,11.259657118055555,0.10807291666666667
126,00:00:02.100,2.139756944444444,1.55224609375,4.783962673611111,0.08306206597222222
127,00:00:02.117,0.37985568576388884,0.23942057291666666,0.8932834201388888,0.006863064236111111
128,00:00:02.133,0.23640046296296294,0.3117404513888889,0.3854437934027778,0.012017144097222222
129,00:00:02.150,0.00026222511574074077,0.0,0.0007866753472222222,0.0
130,00:00:02.167,0.00026222511574074077,0.0,0.0007866753472222222,0.0
131,00:00:02.183,0.00026222511574074077,0.0,0.0007866753472222222,0.0
132,00:00:02.200,0.00026222511574074077,0.0,0.0007866753472222222,0.0
133,00:00:02.217,0.00026222511574074077,0.0,0.0007866753472222222,0.0
134,00:00:02.233,0.00026222511574074077,0.0,0.0007866753472222222,0.0
135,00:00:02.250,0.008219401041666666,0.022894965277777776,0.0010579427083333333,0.0007052951388888889
136,00:00:02.267,0.005425347222222223,0.015570746527777778,0.00016276041666666666,0.0005425347222222222
137,00:00:02.283,0.00044307002314814816,0.0,0.0013292100694444445,0.0
138,00:00:02.300,3.616898148148148e-05,0.0,0.00010850694444444444,0.0
139,00:00:02.317,0.00018084490740740742,0.0,0.0005425347222222222,0.0
140,00:00:02.333,0.0,0.0,0.0,0.0
141,00:00:02.350,0.0,0.0,0.0,0.0
142,00:00:02.367,6.329571759259259e-05,0.0,0.00018988715277777778,0.0
143,00:00:02.383,0.001564308449074074,0.0028483072916666665,0.0015462239583333333,0.00029839409722222225
144,00:00:02.400,0.0006058304398148148,0.0,0.0018174913194444445,0.0
145,00:00:02.417,0.0004249855324074074,0.0,0.0012749565972222222,0.0
146,00:00:02.433,0.00024414062500000005,0.0004069010416666667,8.138020833333333e-05,0.000244140625
147,00:00:02.450,0.0,0.0,0.0,0.0
148,00:00:02.467,0.21413845486111113,0.5370551215277778,0.06719292534722222,0.038167317708333336
149,00:00:02.483,0.0027669270833333335,0.00732421875,0.0008138020833333334,0.00016276041666666666
150,00:00:02.500,0.0027940538194444445,0.00732421875,0.0008951822916666666,0.00016276041666666666
151,00:00:02.517,0.0,0.0,0.0,0.0
152,00:00:02.533,1.808449074074074e-05,0.0,5.425347222222222e-05,0.0
153,00:00:02.550,0.0,0.0,0.0,0.0
154,00:00:02.567,0.0,0.0,0.0,0.0
155,00:00:02.583,0.0,0.0,0.0,0.0
156,00:00:02.600,0.0,0.0,0.0,0.0
157,00:00:02.617,0.0,0.0,0.0,0.0
158,00:00:02.633,0.0,0.0,0.0,0.0
159,00:00:02.650,0.0,0.0,0.0,0.0
160,00:00:02.667,0.0,0.0,0.0,0.0
161,00:00:02.683,0.0,0.0,0.0,0.0
162,00:00:02.700,0.0,0.0,0.0,0.0
163,00:00:02.717,0.0,0.0,0.0,0.0
164,00:00:02.733,0.0,0.0,0.0,0.0
165,00:00:02.750,0.0,0.0,0.0,0.0
166,00:00:02.767,0.0,0.0,0.0,0.0
167,00:00:02.783,0.0,0.0,0.0,0.0
168,00:00:02.800,0.0,0.0,0.0,0.0
169,00:00:02.817,0.0,0.0,0.0,0.0
170,00:00:02.833,0.0,0.0,0.0,0.0
171,00:00:02.850,0.0,0.0,0.0,0.0
172,00:00:02.867,0.0,0.0,0.0,0.0
173,00:00:02.883,0.0,0.0,0.0,0.0
174,00:00:02.900,0.0,0.0,0.0,0.0
175,00:00:02.917,0.0,0.0,0.0,0.0
176,00:00:02.933,0.0,0.0,0.0,0.0
177,00:00:02.950,0.0,0.0,0.0,0.0
178,00:00:02.967,0.0,0.0,0.0,0.0
179,00:00:02.983,0.0,0.0,0.0,0.0
180,00:00:03.000,0.0,0.0,0.0,0.0
181,00:00:03.017,1.808449074074074e-05,0.0,5.425347222222222e-05,0.0
182,00:00:03.033,0.0025318287037037037,0.00732421875,0.00010850694444444444,0.00016276041666666666
183,00:00:03.050,7.233796296296296e-05,0.0,0.00021701388888888888,0.0
184,00:00:03.067,0.0,0.0,0.0,0.0
185,00:00:03.083,0.0,0.0,0.0,0.0
186,00:00:03.100,0.0,0.0,0.0,0.0
187,00:00:03.117,0.0,0.0,0.0,0.0
188,00:00:03.133,0.0,0.0,0.0,0.0
189,00:00:03.150,9.04224537037037e-06,0.0,2.712673611111111e-05,0.0
190,00:00:03.167,0.005172164351851851,0.012858072916666666,0.0015733506944444445,0.0010850694444444445
191,00:00:03.183,0.0026041666666666665,0.00732421875,0.0003255208333333333,0.00016276041666666666
192,00:00:03.200,0.0029568142361111114,0.007486979166666667,0.0011121961805555555,0.0002712673611111111
193,00:00:03.217,0.0026041666666666665,0.00732421875,0.0003255208333333333,0.00016276041666666666
194,00:00:03.233,0.0026041666666666665,0.00732421875,0.0003255208333333333,0.00016276041666666666
195,00:00:03.250,0.0026041666666666665,0.00732421875,0.0003255208333333333,0.00016276041666666666
196,00:00:03.267,0.0026041666666666665,0.00732421875,0.0003255208333333333,0.00016276041666666666
197,00:00:03.283,0.0026041666666666665,0.00732421875,0.0003255208333333333,0.00016276041666666666
198,00:00:03.300,0.0026041666666666665,0.00732421875,0.0003255208333333333,0.00016276041666666666
199,00:00:03.317,0.0026041666666666665,0.00732421875,0.0003255208333333333,0.00016276041666666666
200,00:00:03.333,0.0026041666666666665,0.00732421875,0.0003255208333333333,0.00016276041666666666
201,00:00:03.350,0.0026041666666666665,0.00732421875,0.0003255208333333333,0.00016276041666666666
202,00:00:03.367,0.0026041666666666665,0.00732421875,0.0003255208333333333,0.00016276041666666666
203,00:00:03.383,0.0026041666666666665,0.00732421875,0.0003255208333333333,0.00016276041666666666
204,00:00:03.400,0.0026041666666666665,0.00732421875,0.0003255208333333333,0.00016276041666666666
205,00:00:03.417,0.0026041666666666665,0.00732421875,0.0003255208333333333,0.00016276041666666666
206,00:00:03.433,8.138020833333333e-05,0.0,0.000244140625,0.0
207,00:00:03.450,0.0010850694444444445,0.0018174913194444445,0.0011121961805555555,0.0003255208333333333
208,00:00:03.467,11.093587239583334,5.830023871527778,27.225938585069443,0.2247992621527778
209,00:00:03.483,12.988805700231481,7.464219835069445,31.248453776041668,0.2537434895833333
210,00:00:03.500,13.250723379629628,8.066813151041666,31.41872829861111,0.2666286892361111
211,00:00:03.517,13.379050925925926,8.825927734375,31.026529947916668,0.2846950954861111
212,00:00:03.533,13.753915292245372,9.8994140625,31.01852756076389,0.3438042534722222
213,00:00:03.550,13.589907045717593,9.912462022569445,30.46270073784722,0.3945583767361111
214,00:00:03.567,12.867919921875,9.305474175347221,28.88970269097222,0.4085828993055556
215,00:00:03.583,11.680591724537038,7.935438368055555,26.75314670138889,0.3531901041666667
216,00:00:03.600,10.949815538194443,7.531629774305555,24.97002495659722,0.3477918836805556
217,00:00:03.617,8.95459888599537,6.466145833333333,20.079833984375,0.3178168402777778
218,00:00:03.633,8.547327112268517,5.655381944444445,19.739339192708332,0.2472601996527778
219,00:00:03.650,9.749900535300926,5.833604600694445,22.016845703125,1.3992513020833333
220,00:00:03.667,12.441939742476853,7.243299696180555,26.82782660590278,3.2546929253472223
221,00:00:03.683,14.100061487268519,8.689398871527779,29.09906684027778,4.51171875
222,00:00:03.700,19.188304759837962,13.887125651041666,37.020968967013886,6.656819661458333
223,00:00:03.717,17.64970341435185,12.154215494791666,33.31610785590278,7.478786892361111
224,00:00:03.733,16.848442925347225,12.04928927951389,31.236083984375,7.259955512152778
225,00:00:03.750,15.902886284722223,11.886773003472221,28.795545789930557,7.026340060763889
226,00:00:03.767,15.166295934606481,12.146620008680555,26.56765407986111,6.784613715277778
227,00:00:03.783,19.391899956597225,15.88796657986111,33.87909613715278,8.408637152777779
228,00:00:03.800,11.924280237268519,9.53225368923611,20.59185112847222,5.648735894097222
229,00:00:03.817,10.785924840856481,8.863145616319445,18.211995442708332,5.282633463541667
230,00:00:03.833,9.513572410300926,7.833902994791667,15.96487087673611,4.741943359375
231,00:00:03.850,8.221815321180555,7.098497178819445,13.417860243055555,4.149088541666667
232,00:00:03.867,6.550012659143519,5.578233506944445,10.698160807291666,3.3736436631944446
233,00:00:03.883,5.274133752893519,5.760606553819445,7.444390190972222,2.617404513888889
234,00:00:03.900,2.2604166666666665,2.3807779947916665,3.172580295138889,1.2278917100694444
235,00:00:03.917,0.0900245949074074,0.20152452256944445,0.04758029513888889,0.020968967013888888
236,00:00:03.933,0.06737377025462964,0.1768120659722222,0.017144097222222224,0.008165147569444444
237,00:00:03.950,0.08752893518518519,0.21158854166666666,0.016845703125,0.03415256076388889
238,00:00:03.967,0.05034722222222222,0.1270073784722222,0.014811197916666666,0.009223090277777778
239,00:00:03.983,0.02716290509259259,0.06578233506944445,0.008138020833333334,0.007568359375
240,00:00:04.000,0.020164207175925927,0.04568142361111111,0.01220703125,0.0026041666666666665
241,00:00:04.017,0.009431061921296295,0.025824652777777776,0.0017632378472222222,0.0007052951388888889
242,00:00:04.033,0.006510416666666667,0.016221788194444444,0.002739800347222222,0.0005696614583333334
243,00:00:04.050,0.002251519097222222,0.004150390625,0.0021158854166666665,0.00048828125
244,00:00:04.067,0.00018988715277777778,0.0,0.0005696614583333334,0.0
245,00:00:04.083,0.00010850694444444444,0.0,0.0003255208333333333,0.0
246,00:00:04.100,0.00010850694444444445,0.0,0.00029839409722222225,2.712673611111111e-05
247,00:00:04.117,9.04224537037037e-06,0.0,2.712673611111111e-05,0.0
248,00:00:04.133,0.000732421875,0.0006781684027777778,0.001437717013888889,8.138020833333333e-05
249,00:00:04.150,9.04224537037037e-06,0.0,2.712673611111111e-05,0.0
250,00:00:04.167,0.008689597800925925,0.023654513888888888,0.001220703125,0.001193576388888889
251,00:00:04.183,0.003345630787037037,0.005777994791666667,0.0035536024305555555,0.0007052951388888889
252,00:00:04.200,0.5207067418981481,1.2077907986111112,0.115234375,0.23909505208333334
253,00:00:04.217,0.01658347800925926,0.04104275173611111,0.006537543402777778,0.002170138888888889
254,00:00:04.233,0.0005425347222222222,0.0004611545138888889,0.0010308159722222222,0.00013563368055555556
255,00:00:04.250,0.006184895833333333,0.01708984375,0.0010850694444444445,0.00037977430555555556
256,00:00:04.267,0.0002712673611111111,0.0,0.0008138020833333334,0.0
257,00:00:04.283,0.00036168981481481485,0.00016276041666666666,0.0008409288194444445,8.138020833333333e-05
258,00:00:04.300,0.0007052951388888889,0.0,0.0021158854166666665,0.0
259,00:00:04.317,0.0038791232638888886,0.009765625,0.0016547309027777778,0.00021701388888888888
260,00:00:04.333,0.00021701388888888888,0.0,0.0006510416666666666,0.0
261,00:00:04.350,0.0002079716435185185,0.0,0.0006239149305555555,0.0
262,00:00:04.367,0.0002079716435185185,0.0,0.0006239149305555555,0.0
263,00:00:04.383,0.00022605613425925926,0.0,0.0006781684027777778,0.0
264,00:00:04.400,0.0005425347222222222,0.0,0.0016276041666666667,0.0
265,00:00:04.417,0.0002079716435185185,0.0,0.0006239149305555555,0.0
266,00:00:04.433,0.0037073206018518514,0.009765625,0.0011393229166666667,0.00021701388888888888
267,00:00:04.450,0.020652488425925927,0.051595052083333336,0.008138020833333334,0.002224392361111111
268,00:00:04.467,0.022858796296296294,0.061848958333333336,0.004964192708333333,0.0017632378472222222
269,00:00:04.483,0.04546440972222222,0.12681749131944445,0.005615234375,0.003960503472222222
270,00:00:04.500,0.03714554398148148,0.10579427083333333,0.0032823350694444445,0.0023600260416666665
271,00:00:04.517,0.015028211805555554,0.04150390625,0.002658420138888889,0.0009223090277777778
272,00:00:04.533,0.004059968171296296,0.009765625,0.002197265625,0.00021701388888888888
273,00:00:04.550,0.02341941550925926,0.06591796875,0.002875434027777778,0.00146484375
274,00:00:04.567,0.00025318287037037036,0.0,0.0007595486111111111,0.0
275,00:00:04.583,0.008156105324074075,0.02197265625,0.002007378472222222,0.00048828125
276,00:00:04.600,0.02388057002314815,0.068359375,0.0017632378472222222,0.0015190972222222222
277,00:00:04.617,0.020553023726851853,0.05859375,0.0017632378472222222,0.0013020833333333333
278,00:00:04.633,0.007161458333333333,0.01953125,0.0015190972222222222,0.00043402777777777775
279,00:00:04.650,0.005624276620370371,0.0146484375,0.0018988715277777778,0.0003255208333333333
280,00:00:04.667,0.02398907696759259,0.06591796875,0.004584418402777778,0.00146484375
281,00:00:04.683,0.0002079716435185185,0.0,0.0006239149305555555,0.0
282,00:00:04.700,0.0003074363425925926,0.0,0.0009223090277777778,0.0
283,00:00:04.717,0.00026222511574074077,0.0,0.0007866753472222222,0.0
284,00:00:04.733,0.000904224537037037,0.0,0.002712673611111111,0.0
285,00:00:04.750,0.011076750578703705,0.029513888888888888,0.002739800347222222,0.0009765625
286,00:00:04.767,0.007514105902777777,0.01953125,0.0025770399305555555,0.00043402777777777775
287,00:00:04.783,0.00048828125,0.0,0.001437717013888889,2.712673611111111e-05
288,00:00:04.800,0.00047923900462962964,0.0,0.001437717013888889,0.0
289,00:00:04.817,0.00023509837962962962,0.0,0.0007052951388888889,0.0
290,00:00:04.833,0.0002712673611111111,0.0,0.0008138020833333334,0.0
291,00:00:04.850,0.0002983940972222222,0.0,0.0008951822916666666,0.0
292,00:00:04.867,0.00023509837962962962,0.0,0.0007052951388888889,0.0
293,00:00:04.883,0.00019892939814814816,0.0,0.0005967881944444445,0.0
294,00:00:04.900,0.0002983940972222222,0.0,0.0008951822916666666,0.0
295,00:00:04.917,0.01021773726851852,0.029296875,0.0007052951388888889,0.0006510416666666666
296,00:00:04.933,0.000244140625,0.0,0.000732421875,0.0
297,00:00:04.950,0.0002803096064814815,0.0,0.0008409288194444445,0.0
298,00:00:04.967,0.00023509837962962962,0.0,0.0007052951388888889,0.0
299,00:00:04.983,1.721245659722222,4.219997829861111,0.299560546875,0.6441786024305556
300,00:00:05.000,5.425347222222222e-05,0.0,0.00016276041666666666,0.0
301,00:00:05.017,0.0,0.0,0.0,0.0
302,00:00:05.033,9.04224537037037e-06,0.0,2.712673611111111e-05,0.0
303,00:00:05.050,0.0,0.0,0.0,0.0
304,00:00:05.067,0.0,0.0,0.0,0.0
305,00:00:05.083,0.0,0.0,0.0,0.0
306,00:00:05.100,0.0,0.0,0.0,0.0
307,00:00:05.117,0.0,0.0,0.0,0.0
308,00:00:05.133,0.0,0.0,0.0,0.0
309,00:00:05.150,0.0,0.0,0.0,0.0
310,00:00:05.167,0.0,0.0,0.0,0.0
311,00:00:05.183,0.0,0.0,0.0,0.0
312,00:00:05.200,0.0,0.0,0.0,0.0
313,00:00:05.217,0.0,0.0,0.0,0.0
314,00:00:05.233,0.0,0.0,0.0,0.0
315,00:00:05.250,0.0,0.0,0.0,0.0
316,00:00:05.267,0.0,0.0,0.0,0.0
317,00:00:05.283,0.0,0.0,0.0,0.0
318,00:00:05.300,0.0,0.0,0.0,0.0
319,00:00:05.317,0.0,0.0,0.0,0.0
320,00:00:05.333,0.0,0.0,0.0,0.0
321,00:00:05.350,0.0,0.0,0.0,0.0
322,00:00:05.367,0.0,0.0,0.0,0.0
323,00:00:05.383,0.0,0.0,0.0,0.0
324,00:00:05.400,0.0,0.0,0.0,0.0
325,00:00:05.417,0.0,0.0,0.0,0.0
326,00:00:05.433,0.0,0.0,0.0,0.0
327,00:00:05.450,0.0,0.0,0.0,0.0
328,00:00:05.467,0.0,0.0,0.0,0.0
329,00:00:05.483,0.0,0.0,0.0,0.0
330,00:00:05.500,0.0,0.0,0.0,0.0
331,00:00:05.517,0.0,0.0,0.0,0.0
332,00:00:05.533,0.0,0.0,0.0,0.0
333,00:00:05.550,0.0,0.0,0.0,0.0
334,00:00:05.567,0.0,0.0,0.0,0.0
335,00:00:05.583,0.0,0.0,0.0,0.0
336,00:00:05.600,7.118118851273148,6.571533203125,11.21096462673611,3.5718587239583335
337,00:00:05.617,6.664659288194444,5.808241102430555,10.7392578125,3.4464789496527777
338,00:00:05.633,6.322102864583333,5.365478515625,10.26657443576389,3.334255642361111
339,00:00:05.650,6.079725477430556,5.120225694444445,9.910888671875,3.2080620659722223
340,00:00:05.667,5.851146556712962,4.927273220486111,9.493326822916666,3.132839626736111
341,00:00:05.683,5.650806568287037,4.801188151041667,9.116455078125,3.0347764756944446
342,00:00:05.700,5.344373914930556,4.516547309027778,8.616319444444445,2.9002549913194446
343,00:00:05.717,5.182834201388888,4.577419704861111,8.16037326388889,2.8107096354166665
344,00:00:05.733,4.990415219907407,4.550537109375,7.702039930555555,2.7186686197916665
345,00:00:05.750,7.647795500578703,7.032063802083333,11.86330837673611,4.048014322916667
346,00:00:05.767,4.039623119212963,4.138916015625,5.767957899305555,2.2119954427083335
347,00:00:05.783,3.3682544849537037,3.345974392361111,4.867594401041667,1.8911946614583333
348,00:00:05.800,2.8680826822916665,3.3941243489583335,3.6717664930555554,1.5383572048611112
349,00:00:05.817,2.3616626880787037,3.0944010416666665,3.095458984375,0.8951280381944444
350,00:00:05.833,0.4593822337962963,1.2007649739583333,0.06431749131944445,0.1130642361111111
351,00:00:05.850,0.03151222511574074,0.07603624131944445,0.014241536458333334,0.004258897569444444
352,00:00:05.867,0.0011754918981481482,0.00035264756944444444,0.003146701388888889,2.712673611111111e-05
353,00:00:05.883,0.008924696180555554,0.019124348958333332,0.007080078125,0.0005696614583333334
354,00:00:05.900,0.004249855324074074,0.007486979166666667,0.005018446180555556,0.000244140625
355,00:00:05.917,0.0009856047453703704,0.0,0.002956814236111111,0.0
356,00:00:05.933,0.0009765625,0.0,0.0029296875,0.0
357,00:00:05.950,0.01860894097222222,0.049641927083333336,0.005072699652777778,0.0011121961805555555
358,00:00:05.967,0.018437138310185185,0.049641927083333336,0.004557291666666667,0.0011121961805555555
359,00:00:05.983,0.0013382523148148147,0.00244140625,0.0015190972222222222,5.425347222222222e-05
360,00:00:06.000,6.329571759259259e-05,0.0,0.00018988715277777778,0.0
361,00:00:06.017,0.26704463252314814,0.690185546875,0.018256293402777776,0.09269205729166667
362,00:00:06.033,0.048131872106481476,0.1164822048611111,0.007378472222222222,0.020534939236111112
363,00:00:06.050,0.001537181712962963,0.0017903645833333333,0.0018988715277777778,0.0009223090277777778
364,00:00:06.067,0.001736111111111111,0.004475911458333333,0.00035264756944444444,0.00037977430555555556
365,00:00:06.083,0.0,0.0,0.0,0.0
366,00:00:06.100,0.0,0.0,0.0,0.0
367,00:00:06.117,0.0,0.0,0.0,0.0
368,00:00:06.133,0.0,0.0,0.0,0.0
369,00:00:06.150,0.0,0.0,0.0,0.0
370,00:00:06.167,0.7597384982638888,1.8180881076388888,0.15030924479166666,0.3108181423611111
371,00:00:06.183,0.007848668981481483,0.021023220486111112,0.001736111111111111,0.0007866753472222222
372,00:00:06.200,0.0,0.0,0.0,0.0
373,00:00:06.217,0.008807146990740741,0.024332682291666668,0.0011121961805555555,0.0009765625
374,00:00:06.233,0.0,0.0,0.0,0.0
375,00:00:06.250,0.0,0.0,0.0,0.0
376,00:00:06.267,0.0,0.0,0.0,0.0
377,00:00:06.283,0.00018084490740740742,0.0003255208333333333,5.425347222222222e-05,0.00016276041666666666
378,00:00:06.300,0.0003526475694444445,0.0003255208333333333,0.0005696614583333334,0.00016276041666666666
379,00:00:06.317,9.04224537037037e-06,0.0,2.712673611111111e-05,0.0
380,00:00:06.333,0.00014467592592592592,0.0,0.00043402777777777775,0.0
381,00:00:06.350,0.0,0.0,0.0,0.0
382,00:00:06.367,0.0005154079861111111,0.0007866753472222222,8.138020833333333e-05,0.0006781684027777778
383,00:00:06.383,6.329571759259259e-05,0.0,0.00018988715277777778,0.0
384,00:00:06.400,0.00018084490740740742,0.0003255208333333333,5.425347222222222e-05,0.00016276041666666666
385,00:00:06.417,0.0,0.0,0.0,0.0
386,00:00:06.433,0.0,0.0,0.0,0.0
387,00:00:06.450,0.0,0.0,0.0,0.0
388,00:00:06.467,0.0,0.0,0.0,0.0
389,00:00:06.483,0.0,0.0,0.0,0.0
390,00:00:06.500,0.0,0.0,0.0,0.0
391,00:00:06.517,0.0,0.0,0.0,0.0
392,00:00:06.533,0.0,0.0,0.0,0.0
393,00:00:06.550,0.0,0.0,0.0,0.0
394,00:00:06.567,0.0,0.0,0.0,0.0
395,00:00:06.583,0.0,0.0,0.0,0.0
396,00:00:06.600,0.0,0.0,0.0,0.0
397,00:00:06.617,0.0,0.0,0.0,0.0
398,00:00:06.633,0.0,0.0,0.0,0.0
399,00:00:06.650,0.0,0.0,0.0,0.0
400,00:00:06.667,0.0,0.0,0.0,0.0
401,00:00:06.683,0.0,0.0,0.0,0.0
402,00:00:06.700,0.0,0.0,0.0,0.0
403,00:00:06.717,0.0,0.0,0.0,0.0
404,00:00:06.733,0.0,0.0,0.0,0.0
405,00:00:06.750,0.0,0.0,0.0,0.0
406,00:00:06.767,0.0,0.0,0.0,0.0
407,00:00:06.783,0.0,0.0,0.0,0.0
408,00:00:06.800,0.0,0.0,0.0,0.0
409,00:00:06.817,0.0,0.0,0.0,0.0
410,00:00:06.833,0.0,0.0,0.0,0.0
411,00:00:06.850,0.0,0.0,0.0,0.0
412,00:00:06.867,0.0,0.0,0.0,0.0
413,00:00:06.883,0.0,0.0,0.0,0.0
414,00:00:06.900,0.0,0.0,0.0,0.0
415,00:00:06.917,0.0,0.0,0.0,0.0
416,00:00:06.933,0.0,0.0,0.0,0.0
417,00:00:06.950,0.0,0.0,0.0,0.0
418,00:00:06.967,0.0,0.0,0.0,0.0
419,00:00:06.983,0.0,0.0,0.0,0.0
420,00:00:07.000,0.0,0.0,0.0,0.0
421,00:00:07.017,0.0,0.0,0.0,0.0
422,00:00:07.033,0.0,0.0,0.0,0.0
423,00:00:07.050,0.0,0.0,0.0,0.0
424,00:00:07.067,0.0,0.0,0.0,0.0
425,00:00:07.083,0.0,0.0,0.0,0.0
426,00:00:07.100,0.0,0.0,0.0,0.0
427,00:00:07.117,0.0,0.0,0.0,0.0
428,00:00:07.133,0.0,0.0,0.0,0.0
429,00:00:07.150,0.0,0.0,0.0,0.0
430,00:00:07.167,0.0,0.0,0.0,0.0
431,00:00:07.183,0.0,0.0,0.0,0.0
432,00:00:07.200,0.0,0.0,0.0,0.0
433,00:00:07.217,0.0,0.0,0.0,0.0
434,00:00:07.233,0.0,0.0,0.0,0.0
435,00:00:07.250,0.0,0.0,0.0,0.0
436,00:00:07.267,0.0,0.0,0.0,0.0
437,00:00:07.283,0.0,0.0,0.0,0.0
438,00:00:07.300,0.0,0.0,0.0,0.0
439,00:00:07.317,0.0,0.0,0.0,0.0
440,00:00:07.333,0.0,0.0,0.0,0.0
441,00:00:07.350,0.0,0.0,0.0,0.0
442,00:00:07.367,0.0,0.0,0.0,0.0
443,00:00:07.383,0.0,0.0,0.0,0.0
444,00:00:07.400,0.0,0.0,0.0,0.0
445,00:00:07.417,0.0,0.0,0.0,0.0
446,00:00:07.433,0.0,0.0,0.0,0.0
447,00:00:07.450,0.0,0.0,0.0,0.0
448,00:00:07.467,0.0,0.0,0.0,0.0
449,00:00:07.483,0.0,0.0,0.0,0.0
450,00:00:07.500,0.0,0.0,0.0,0.0
451,00:00:07.517,0.0,0.0,0.0,0.0
452,00:00:07.533,0.0,0.0,0.0,0.0
453,00:00:07.550,0.0,0.0,0.0,0.0
454,00:00:07.567,0.0,0.0,0.0,0.0
455,00:00:07.583,0.0,0.0,0.0,0.0
456,00:00:07.600,0.0,0.0,0.0,0.0
457,00:00:07.617,0.0,0.0,0.0,0.0
458,00:00:07.633,0.0,0.0,0.0,0.0
459,00:00:07.650,0.0,0.0,0.0,0.0
460,00:00:07.667,0.0,0.0,0.0,0.0
461,00:00:07.683,0.0,0.0,0.0,0.0
462,00:00:07.700,0.0,0.0,0.0,0.0
463,00:00:07.717,0.0,0.0,0.0,0.0
464,00:00:07.733,0.0,0.0,0.0,0.0
465,00:00:07.750,0.0,0.0,0.0,0.0
466,00:00:07.767,0.0,0.0,0.0,0.0
467,00:00:07.783,0.0,0.0,0.0,0.0
468,00:00:07.800,0.0,0.0,0.0,0.0
469,00:00:07.817,0.0,0.0,0.0,0.0
470,00:00:07.833,0.0,0.0,0.0,0.0
471,00:00:07.850,0.0,0.0,0.0,0.0
472,00:00:07.867,0.0,0.0,0.0,0.0
473,00:00:07.883,0.0,0.0,0.0,0.0
474,00:00:07.900,0.0,0.0,0.0,0.0
475,00:00:07.917,0.0,0.0,0.0,0.0
476,00:00:07.933,0.0,0.0,0.0,0.0
477,00:00:07.950,0.0,0.0,0.0,0.0
478,00:00:07.967,0.0,0.0,0.0,0.0
479,00:00:07.983,0.0,0.0,0.0,0.0
480,00:00:08.000,0.0,0.0,0.0,0.0
481,00:00:08.017,0.0,0.0,0.0,0.0
482,00:00:08.033,0.0,0.0,0.0,0.0
483,00:00:08.050,0.0,0.0,0.0,0.0
484,00:00:08.067,0.0,0.0,0.0,0.0
485,00:00:08.083,0.0,0.0,0.0,0.0
486,00:00:08.100,0.0,0.0,0.0,0.0
487,00:00:08.117,0.0,0.0,0.0,0.0
488,00:00:08.133,0.0,0.0,0.0,0.0
489,00:00:08.150,0.0,0.0,0.0,0.0
490,00:00:08.167,0.00014467592592592592,0.0,0.00043402777777777775,0.0
491,00:00:08.183,0.0,0.0,0.0,0.0
492,00:00:08.200,0.00014467592592592592,0.0,0.00043402777777777775,0.0
493,00:00:08.217,0.0,0.0,0.0,0.0
494,00:00:08.233,0.0,0.0,0.0,0.0
495,00:00:08.250,0.0,0.0,0.0,0.0
496,00:00:08.267,0.0,0.0,0.0,0.0
497,00:00:08.283,0.0,0.0,0.0,0.0
498,00:00:08.300,0.001392505787037037,0.001708984375,0.002170138888888889,0.00029839409722222225
499,00:00:08.317,0.00019892939814814816,0.0,0.0005967881944444445,0.0
500,00:00:08.333,0.0038519965277777775,0.007649739583333333,0.002685546875,0.001220703125
501,00:00:08.350,0.001708984375,0.002712673611111111,0.001491970486111111,0.0009223090277777778
502,00:00:08.367,0.0,0.0,0.0,0.0
503,00:00:08.383,0.0,0.0,0.0,0.0
504,00:00:08.400,0.0,0.0,0.0,0.0
505,00:00:08.417,0.0,0.0,0.0,0.0
506,00:00:08.433,0.00014467592592592592,0.0,0.00043402777777777775,0.0
507,00:00:08.450,0.0,0.0,0.0,0.0
508,00:00:08.467,0.00014467592592592592,0.0,0.00043402777777777775,0.0
509,00:00:08.483,0.0,0.0,0.0,0.0
510,00:00:08.500,0.0,0.0,0.0,0.0
511,00:00:08.517,0.0,0.0,0.0,0.0
512,00:00:08.533,0.0,0.0,0.0,0.0
513,00:00:08.550,0.0,0.0,0.0,0.0
514,00:00:08.567,0.0,0.0,0.0,0.0
515,00:00:08.583,0.0,0.0,0.0,0.0
516,00:00:08.600,0.0,0.0,0.0,0.0
517,00:00:08.617,0.0,0.0,0.0,0.0
518,00:00:08.633,0.0,0.0,0.0,0.0
519,00:00:08.650,0.0,0.0,0.0,0.0
520,00:00:08.667,0.0,0.0,0.0,0.0
521,00:00:08.683,0.0,0.0,0.0,0.0
522,00:00:08.700,0.00014467592592592592,0.0,0.00043402777777777775,0.0
523,00:00:08.717,0.0,0.0,0.0,0.0
524,00:00:08.733,0.00014467592592592592,0.0,0.00043402777777777775,0.0
525,00:00:08.750,0.0,0.0,0.0,0.0
526,00:00:08.767,0.0,0.0,0.0,0.0
527,00:00:08.783,0.0,0.0,0.0,0.0
528,00:00:08.800,0.0,0.0,0.0,0.0
529,00:00:08.817,0.0,0.0,0.0,0.0
530,00:00:08.833,0.0,0.0,0.0,0.0
531,00:00:08.850,0.0,0.0,0.0,0.0
532,00:00:08.867,0.0,0.0,0.0,0.0
533,00:00:08.883,0.0,0.0,0.0,0.0
534,00:00:08.900,0.0,0.0,0.0,0.0
535,00:00:08.917,0.0,0.0,0.0,0.0
536,00:00:08.933,0.0,0.0,0.0,0.0
537,00:00:08.950,0.0,0.0,0.0,0.0
538,00:00:08.967,0.00014467592592592592,0.0,0.00043402777777777775,0.0
539,00:00:08.983,0.0,0.0,0.0,0.0
540,00:00:09.000,0.00014467592592592592,0.0,0.00043402777777777775,0.0
541,00:00:09.017,0.0,0.0,0.0,0.0
542,00:00:09.033,0.0,0.0,0.0,0.0
543,00:00:09.050,0.0,0.0,0.0,0.0
544,00:00:09.067,0.0,0.0,0.0,0.0
545,00:00:09.083,0.0,0.0,0.0,0.0
546,00:00:09.100,0.0,0.0,0.0,0.0
547,00:00:09.117,0.0,0.0,0.0,0.0
548,00:00:09.133,0.0,0.0,0.0,0.0
549,00:00:09.150,0.0,0.0,0.0,0.0
550,00:00:09.167,0.0,0.0,0.0,0.0
551,00:00:09.183,0.0,0.0,0.0,0.0
552,00:00:09.200,0.0,0.0,0.0,0.0
553,00:00:09.217,0.0,0.0,0.0,0.0
554,00:00:09.233,0.00014467592592592592,0.0,0.00043402777777777775,0.0
555,00:00:09.250,0.0,0.0,0.0,0.0
556,00:00:09.267,0.00014467592592592592,0.0,0.00043402777777777775,0.0
557,00:00:09.283,0.0,0.0,0.0,0.0
558,00:00:09.300,0.0,0.0,0.0,0.0
559,00:00:09.317,0.0,0.0,0.0,0.0
560,00:00:09.333,0.0,0.0,0.0,0.0
561,00:00:09.350,0.0,0.0,0.0,0.0
562,00:00:09.367,0.0,0.0,0.0,0.0
563,00:00:09.383,0.0,0.0,0.0,0.0
564,00:00:09.400,0.0,0.0,0.0,0.0
565,00:00:09.417,0.0,0.0,0.0,0.0
566,00:00:09.433,0.0,0.0,0.0,0.0
567,00:00:09.450,0.0,0.0,0.0,0.0
568,00:00:09.467,0.0,0.0,0.0,0.0
569,00:00:09.483,0.0,0.0,0.0,0.0
570,00:00:09.500,0.00014467592592592592,0.0,0.00043402777777777775,0.0
571,00:00:09.517,0.0,0.0,0.0,0.0
572,00:00:09.533,0.00014467592592592592,0.0,0.00043402777777777775,0.0
573,00:00:09.550,0.0,0.0,0.0,0.0
574,00:00:09.567,0.0,0.0,0.0,0.0
575,00:00:09.583,0.0,0.0,0.0,0.0
576,00:00:09.600,1.5713975694444446,2.8426106770833335,1.2201877170138888,0.6513943142361112
577,00:00:09.617,2.034912109375,2.5565321180555554,2.591552734375,0.9566514756944444
578,00:00:09.633,2.821994357638889,2.8787977430555554,4.216824001736111,1.370361328125
579,00:00:09.650,3.8495912905092595,3.83056640625,5.866807725694445,1.8513997395833333
580,00:00:09.667,4.271945529513888,4.193440755208333,6.547010633680555,2.0753851996527777
581,00:00:09.683,4.513047960069444,4.189371744791667,7.090033637152778,2.259738498263889
582,00:00:09.700,4.714518229166667,4.348063151041667,7.354871961805555,2.4406195746527777
583,00:00:09.717,4.851354528356481,4.36474609375,7.602620442708333,2.586697048611111
584,00:00:09.733,8.29346607349537,7.912923177083333,12.605360243055555,4.362114800347222
585,00:00:09.750,5.294370298032407,4.955132378472222,7.995903862847222,2.9320746527777777
586,00:00:09.767,5.355830439814814,5.079969618055555,8.03268771701389,2.954833984375
587,00:00:09.783,4.2496563946759265,4.286892361111111,6.066487630208333,2.3955891927083335
588,00:00:09.800,2.8138925057870368,3.013888888888889,3.7794325086805554,1.6483561197916667
589,00:00:09.817,1.1642614293981481,1.2910427517361112,1.5925835503472223,0.6091579861111112
590,00:00:09.833,0.05426251446759259,0.11005316840277778,0.029188368055555556,0.023546006944444444
591,00:00:09.850,0.018834997106481483,0.03369140625,0.016655815972222224,0.006157769097222222
592,00:00:09.867,0.03674768518518519,0.0922580295138889,0.011094835069444444,0.006890190972222222
593,00:00:09.883,0.39089626736111116,0.7763943142361112,0.219970703125,0.1763237847222222
594,00:00:09.900,0.05611617476851852,0.13875325520833334,0.015787760416666668,0.013807508680555556
595,00:00:09.917,0.022271050347222224,0.035698784722222224,0.024685329861111112,0.006429036458333333
596,00:00:09.933,0.0416576244212963,0.0676540798611111,0.04465060763888889,0.012668185763888888
597,00:00:09.950,0.04586226851851852,0.05544704861111111,0.06407335069444445,0.01806640625
598,00:00:09.967,0.06246383101851852,0.040771484375,0.119140625,0.027479383680555556
599,00:00:09.983,2.554714626736111,5.918809678819445,0.7209743923611112,1.0243598090277777
600,00:00:10.000,0.45869502314814814,0.6378309461805556,0.4919162326388889,0.246337890625
601,00:00:10.017,0.42951569733796297,0.5137532552083334,0.5415852864583334,0.2332085503472222
602,00:00:10.033,0.4911114728009259,0.402587890625,0.7603352864583334,0.3104112413194444
603,00:00:10.050,0.12446650752314814,0.1259494357638889,0.1697048611111111,0.07774522569444445
604,00:00:10.067,0.12270326967592593,0.1125759548611111,0.18782552083333334,0.06770833333333333
605,00:00:10.083,0.1356246383101852,0.1435275607638889,0.1967502170138889,0.06659613715277778
606,00:00:10.100,0.12568721064814814,0.1269259982638889,0.18513997395833334,0.06499565972222222
607,00:00:10.117,0.1732222945601852,0.2527398003472222,0.20106336805555555,0.06586371527777778
608,00:00:10.133,0.1638726128472222,0.22542317708333334,0.20035807291666666,0.06583658854166667
609,00:00:10.150,0.07902922453703703,0.11686197916666667,0.1096462673611111,0.010579427083333334
610,00:00:10.167,0.16396303530092593,0.23347981770833334,0.24348958333333334,0.014919704861111112
611,00:00:10.183,0.8155201099537036,1.6845431857638888,0.4210069444444444,0.3410101996527778
612,00:00:10.200,0.17496744791666666,0.11981879340277778,0.39013671875,0.014946831597222222
613,00:00:10.217,0.2516456886574074,0.24812825520833334,0.4895833333333333,0.017225477430555556
614,00:00:10.233,0.49996383101851843,0.7978244357638888,0.6538628472222222,0.04820421006944445
615,00:00:10.250,0.4061686197916667,0.3694118923611111,0.8270670572916666,0.022026909722222224
616,00:00:10.267,0.4254557291666667,0.16251627604166666,1.0828993055555556,0.030951605902777776
617,00:00:10.283,0.08248336226851852,0.03355577256944445,0.20201280381944445,0.011881510416666666
618,00:00:10.300,0.09582067418981483,0.038872612847222224,0.2377387152777778,0.010850694444444444
619,00:00:10.317,0.10762080439814814,0.0868869357638889,0.22007921006944445,0.015896267361111112
620,00:00:10.333,0.12380642361111112,0.13392469618055555,0.21785481770833334,0.019639756944444444
621,00:00:10.350,0.11580403645833333,0.09144422743055555,0.239013671875,0.016954210069444444
622,00:00:10.367,0.16219075520833334,0.1815863715277778,0.2601996527777778,0.04478624131944445
623,00:00:10.383,0.4420120804398148,1.0074327256944444,0.14246961805555555,0.17613389756944445
624,00:00:10.400,0.08345088252314814,0.07996961805555555,0.12239583333333333,0.04798719618055555
625,00:00:10.417,0.1478316695601852,0.2050238715277778,0.15152994791666666,0.0869411892361111
626,00:00:10.433,0.1522171585648148,0.13712565104166666,0.19154188368055555,0.1279839409722222
627,00:00:10.450,0.2100875289351852,0.21150716145833334,0.1985134548611111,0.2202419704861111
628,00:00:10.467,0.29172996238425924,0.3212348090277778,0.2504611545138889,0.3034939236111111
629,00:00:10.483,0.5012930410879629,0.6916775173611112,0.335205078125,0.4769965277777778
630,00:00:10.500,0.11827256944444446,0.18541124131944445,0.071044921875,0.0983615451388889
631,00:00:10.517,0.17225477430555555,0.19612630208333334,0.14689127604166666,0.17374674479166666
632,00:00:10.533,0.13102213541666666,0.1921929253472222,0.0878634982638889,0.1130099826388889
633,00:00:10.550,0.1358959056712963,0.20033094618055555,0.09101019965277778,0.11634657118055555
634,00:00:10.567,0.21714952256944445,0.2686089409722222,0.15657552083333334,0.2262641059027778
635,00:00:10.583,0.3125904224537037,0.6763780381944444,0.0859646267361111,0.17542860243055555
636,00:00:10.600,0.07649739583333333,0.07237413194444445,0.06705729166666667,0.0900607638888889
637,00:00:10.617,0.10446506076388888,0.114013671875,0.06922743055555555,0.1301540798611111
638,00:00:10.633,0.1478587962962963,0.19032118055555555,0.096435546875,0.15681966145833334
639,00:00:10.650,0.18394639756944445,0.1928982204861111,0.10337999131944445,0.2555609809027778
640,00:00:10.667,0.25296585648148145,0.3126085069444444,0.12684461805555555,0.3194444444444444
641,00:00:10.683,0.359031394675926,0.4992133246527778,0.13780381944444445,0.4400770399305556
642,00:00:10.700,0.4019458912037037,0.5107421875,0.1574978298611111,0.53759765625
643,00:00:10.717,0.4306459780092593,0.3857421875,0.14249674479166666,0.7636990017361112
644,00:00:10.733,0.34526909722222227,0.6452907986111112,0.1042751736111111,0.2862413194444444
645,00:00:10.750,0.18784360532407404,0.2562120225694444,0.0801052517361111,0.22721354166666666
646,00:00:10.767,0.41521086516203703,0.4801432291666667,0.16419813368055555,0.6012912326388888
647,00:00:10.783,0.34012405960648145,0.6722005208333334,0.11393229166666667,0.23423936631944445
648,00:00:10.800,0.2594762731481482,0.4930826822916667,0.09101019965277778,0.1943359375
649,00:00:10.817,0.04090711805555555,0.08555772569444445,0.022677951388888888,0.014485677083333334
650,00:00:10.833,0.06836841724537036,0.14371744791666666,0.03721788194444445,0.024169921875
651,00:00:10.850,0.07128002025462964,0.11650933159722222,0.056342230902777776,0.04098849826388889
652,00:00:10.867,0.07883029513888888,0.11561414930555555,0.0625271267361111,0.058349609375
653,00:00:10.883,0.08692310474537036,0.1317816840277778,0.054253472222222224,0.0747341579861111
654,00:00:10.900,0.13383427372685186,0.134765625,0.12559678819444445,0.1411404079861111
655,00:00:10.917,0.15481228298611113,0.16105143229166666,0.10438368055555555,0.1990017361111111
656,00:00:10.933,0.20991572627314814,0.2028537326388889,0.13780381944444445,0.2890896267361111
657,00:00:10.950,0.03476743344907407,0.037190755208333336,0.03542751736111111,0.031684027777777776
658,00:00:10.967,0.25610351562500006,0.6258680555555556,0.06673177083333333,0.0757107204861111
659,00:00:10.983,0.2416449652777778,0.5641547309027778,0.06922743055555555,0.091552734375
660,00:00:11.000,0.14699074074074076,0.3043619791666667,0.057779947916666664,0.0788302951388889
661,00:00:11.017,0.1843804253472222,0.3815375434027778,0.060736762152777776,0.1108669704861111
662,00:00:11.033,0.33516890914351855,0.6269802517361112,0.09483506944444445,0.28369140625
663,00:00:11.050,0.39362702546296297,0.7274576822916666,0.09410264756944445,0.3593207465277778
664,00:00:11.067,0.5328052662037037,0.9512261284722222,0.1306423611111111,0.5165473090277778
665,00:00:11.083,0.6701298466435185,1.0702582465277777,0.1806911892361111,0.7594401041666666
666,00:00:11.100,0.835693359375,1.2447102864583333,0.2334255642361111,1.0289442274305556
667,00:00:11.117,0.9683792679398149,1.273193359375,0.2537706163194444,1.378173828125
668,00:00:11.133,1.2300889756944444,1.4179958767361112,0.3752712673611111,1.8969997829861112
669,00:00:11.150,0.46771014178240744,0.6553005642361112,0.2096896701388889,0.5381401909722222
670,00:00:11.167,0.7559226707175926,1.0195855034722223,0.2904730902777778,0.9577094184027778
671,00:00:11.183,0.6244212962962963,1.000732421875,0.2156032986111111,0.6569281684027778
672,00:00:11.200,0.42560944733796297,0.6405164930555556,0.1919216579861111,0.4443901909722222
673,00:00:11.217,0.567138671875,0.9708930121527778,0.2170681423611111,0.5134548611111112
674,00:00:11.233,0.454490379050926,0.6839735243055556,0.16837565104166666,0.5111219618055556
675,00:00:11.250,0.0,0.0,0.0,0.0
676,00:00:11.267,0.0,0.0,0.0,0.0
677,00:00:11.283,0.0,0.0,0.0,0.0
678,00:00:11.300,0.0,0.0,0.0,0.0
679,00:00:11.317,0.0,0.0,0.0,0.0
680,00:00:11.333,0.0003074363425925926,0.0,0.0007052951388888889,0.00021701388888888888
681,00:00:11.350,0.0,0.0,0.0,0.0
682,00:00:11.367,8.138020833333333e-05,0.0,0.000244140625,0.0
683,00:00:11.383,5.425347222222222e-05,0.0,0.00016276041666666666,0.0
684,00:00:11.400,7.233796296296296e-05,0.0,0.00021701388888888888,0.0
685,00:00:11.417,0.0,0.0,0.0,0.0
686,00:00:11.433,0.0,0.0,0.0,0.0
687,00:00:11.450,0.0,0.0,0.0,0.0
688,00:00:11.467,0.0,0.0,0.0,0.0
689,00:00:11.483,0.01125759548611111,0.030598958333333332,0.001708984375,0.00146484375
690,00:00:11.500,0.00998263888888889,0.029296875,0.0,0.0006510416666666666
691,00:00:11.517,2.712673611111111e-05,0.0,8.138020833333333e-05,0.0
692,00:00:11.533,0.0,0.0,0.0,0.0
693,00:00:11.550,0.0,0.0,0.0,0.0
694,00:00:11.567,0.0,0.0,0.0,0.0
695,00:00:11.583,0.0,0.0,0.0,0.0
696,00:00:11.600,0.0,0.0,0.0,0.0
697,00:00:11.617,0.9201117621527778,2.163818359375,0.2101779513888889,0.3863389756944444
698,00:00:11.633,0.001708984375,0.0,0.004964192708333333,0.00016276041666666666
699,00:00:11.650,0.0017541956018518516,0.0,0.004909939236111111,0.00035264756944444444
700,00:00:11.667,0.0011664496527777778,0.00244140625,0.0006781684027777778,0.00037977430555555556
701,00:00:11.683,0.001853660300925926,0.0035264756944444445,0.001491970486111111,0.0005425347222222222
702,00:00:11.700,0.00017180266203703704,0.0,0.0005154079861111111,0.0
703,00:00:11.717,0.0,0.0,0.0,0.0
704,00:00:11.733,1.808449074074074e-05,0.0,5.425347222222222e-05,0.0
705,00:00:11.750,0.13981119791666666,0.356201171875,0.012803819444444444,0.05042860243055555
706,00:00:11.767,8.138020833333333e-05,0.0,0.000244140625,0.0
707,00:00:11.783,1.808449074074074e-05,0.0,2.712673611111111e-05,2.712673611111111e-05
708,00:00:11.800,0.0,0.0,0.0,0.0
709,00:00:11.817,0.0,0.0,0.0,0.0
710,00:00:11.833,0.0,0.0,0.0,0.0
711,00:00:11.850,0.0,0.0,0.0,0.0
712,00:00:11.867,0.0,0.0,0.0,0.0
713,00:00:11.883,0.0,0.0,0.0,0.0
714,00:00:11.900,0.0,0.0,0.0,0.0
715,00:00:11.917,0.0,0.0,0.0,0.0
716,00:00:11.933,0.0,0.0,0.0,0.0
717,00:00:11.950,0.0,0.0,0.0,0.0
718,00:00:11.967,0.0,0.0,0.0,0.0
719,00:00:11.983,0.0,0.0,0.0,0.0
720,00:00:12.000,0.0,0.0,0.0,0.0
721,00:00:12.017,0.0006872106481481482,2.712673611111111e-05,0.0016276041666666667,0.0004069010416666667
722,00:00:12.033,0.0,0.0,0.0,0.0
723,00:00:12.050,0.00016276041666666666,0.0,0.00037977430555555556,0.00010850694444444444
724,00:00:12.067,0.0,0.0,0.0,0.0
725,00:00:12.083,0.0,0.0,0.0,0.0
726,00:00:12.100,0.0,0.0,0.0,0.0
727,00:00:12.117,0.0,0.0,0.0,0.0
728,00:00:12.133,0.0,0.0,0.0,0.0
729,00:00:12.150,0.0,0.0,0.0,0.0
730,00:00:12.167,12.417109736689815,10.37158203125,17.872422960069443,9.00732421875
731,00:00:12.183,12.673864293981481,10.633246527777779,17.897596571180557,9.49074978298611
732,00:00:12.200,12.591715494791666,10.583143446180555,17.30588107638889,9.886121961805555
733,00:00:12.217,12.502595124421296,10.161376953125,17.08865017361111,10.257758246527779
734,00:00:12.233,12.938069661458334,10.726019965277779,17.344889322916668,10.743299696180555
735,00:00:12.250,13.594419126157407,11.44778103298611,18.12885199652778,11.206624348958334
736,00:00:12.267,13.138617621527777,11.354871961805555,16.97360568576389,11.08737521701389
737,00:00:12.283,12.797535083912038,10.914442274305555,16.78781467013889,10.690348307291666
738,00:00:12.300,11.741807725694443,9.734727647569445,15.310112847222221,10.180582682291666
739,00:00:12.317,15.662136501736109,11.582411024305555,24.476888020833332,10.927110460069445
740,00:00:12.333,9.401918764467593,7.921034071180555,13.407307942708334,6.877414279513889
741,00:00:12.350,8.787281177662036,7.588216145833333,12.217393663194445,6.556233723958333
742,00:00:12.367,8.585114655671296,8.451171875,12.624321831597221,4.679850260416667
743,00:00:12.383,3.556758174189815,3.0558268229166665,7.365234375,0.2492133246527778
744,00:00:12.400,5.109664351851852,6.878553602430555,8.08737521701389,0.3630642361111111
745,00:00:12.417,0.0037796585648148147,0.004475911458333333,0.006808810763888889,5.425347222222222e-05
746,00:00:12.433,0.01387984664351852,0.029432508680555556,0.011420355902777778,0.0007866753472222222
747,00:00:12.450,0.002567997685185185,0.0,0.007649739583333333,5.425347222222222e-05
748,00:00:12.467,0.004322193287037038,0.004475911458333333,0.008436414930555556,5.425347222222222e-05
749,00:00:12.483,0.0029116030092592587,0.004475911458333333,0.004204644097222222,5.425347222222222e-05
750,00:00:12.500,0.00341796875,0.004475911458333333,0.005723741319444444,5.425347222222222e-05
751,00:00:12.517,0.2525318287037037,0.6979437934027778,0.017415364583333332,0.042236328125
752,00:00:12.533,0.027208116319444448,0.07066514756944445,0.008355034722222222,0.0026041666666666665
753,00:00:12.550,0.013726128472222224,0.03466796875,0.005425347222222222,0.0010850694444444445
754,00:00:12.567,0.07125289351851853,0.19759114583333334,0.004855685763888889,0.011311848958333334
755,00:00:12.583,0.0072880497685185175,0.01953125,0.0018988715277777778,0.00043402777777777775
756,00:00:12.600,0.00033456307870370367,0.0,0.001003689236111111,0.0
757,00:00:12.617,0.00022605613425925926,0.0,0.0006781684027777778,0.0
758,00:00:12.633,0.0006962528935185185,0.0,0.0020887586805555555,0.0
759,00:00:12.650,0.0007143373842592593,0.0,0.002143012152777778,0.0
760,00:00:12.667,0.03185583043981482,0.0927734375,0.000732421875,0.0020616319444444445
761,00:00:12.683,0.00021701388888888888,0.0,0.0006510416666666666,0.0
762,00:00:12.700,0.0007143373842592593,0.0,0.002143012152777778,0.0
763,00:00:12.717,0.23763020833333337,0.6271430121527778,0.03713650173611111,0.04861111111111111
764,00:00:12.733,0.025770399305555556,0.048828125,0.026991102430555556,0.001491970486111111
765,00:00:12.750,0.02439597800925926,0.047119140625,0.023681640625,0.002387152777777778
766,00:00:12.767,0.022840711805555552,0.03957790798611111,0.02685546875,0.0020887586805555555
767,00:00:12.783,0.021936487268518517,0.041829427083333336,0.021185980902777776,0.0027940538194444445
768,00:00:12.800,0.029097945601851857,0.06510416666666667,0.018717447916666668,0.003472222222222222
769,00:00:12.817,0.016954210069444444,0.04128689236111111,0.008490668402777778,0.0010850694444444445
770,00:00:12.833,0.004231770833333333,0.007975260416666666,0.004231770833333333,0.00048828125
771,00:00:12.850,0.05661349826388889,0.15174696180555555,0.012586805555555556,0.005506727430555556
772,00:00:12.867,0.055438006365740734,0.14982096354166666,0.011311848958333334,0.005181206597222222
773,00:00:12.883,0.0028754340277777775,0.00537109375,0.002902560763888889,0.00035264756944444444
774,00:00:12.900,0.017071759259259262,0.03835720486111111,0.011067708333333334,0.0017903645833333333
775,00:00:12.917,0.005090784143518518,0.008273654513888888,0.006537543402777778,0.0004611545138888889
776,00:00:12.933,0.0029025607638888894,0.00537109375,0.002956814236111111,0.00037977430555555556
777,00:00:12.950,0.006980613425925927,0.017578125,0.002712673611111111,0.0006510416666666666
778,00:00:12.967,0.0030472366898148147,0.005208333333333333,0.003662109375,0.0002712673611111111
779,00:00:12.983,0.00292064525462963,0.00537109375,0.0030110677083333335,0.00037977430555555556
780,00:00:13.000,0.011637369791666666,0.02978515625,0.004150390625,0.0009765625
781,00:00:13.017,0.0031105324074074073,0.005208333333333333,0.0038248697916666665,0.00029839409722222225
782,00:00:13.033,0.00292064525462963,0.00537109375,0.0030110677083333335,0.00037977430555555556
783,00:00:13.050,0.006085431134259259,0.013102213541666666,0.004313151041666667,0.0008409288194444445
784,00:00:13.067,0.022940176504629633,0.05992296006944445,0.006890190972222222,0.002007378472222222
785,00:00:13.083,0.026195384837962965,0.06928168402777778,0.007378472222222222,0.001925998263888889
786,00:00:13.100,0.012478298611111112,0.029947916666666668,0.006483289930555556,0.001003689236111111
787,00:00:13.117,0.018138744212962965,0.047688802083333336,0.005398220486111111,0.0013292100694444445
788,00:00:13.133,0.023365162037037035,0.06439887152777778,0.0035536024305555555,0.002143012152777778
789,00:00:13.150,0.01884403935185185,0.047309027777777776,0.007459852430555556,0.0017632378472222222
790,00:00:13.167,0.0030110677083333335,0.005208333333333333,0.0035536024305555555,0.0002712673611111111
791,00:00:13.183,0.0032913773148148147,0.0078125,0.0016276041666666667,0.00043402777777777775
792,00:00:13.200,0.003933376736111111,0.00537109375,0.006022135416666667,0.0004069010416666667
793,00:00:13.217,0.00490089699074074,0.007649739583333333,0.006727430555555556,0.0003255208333333333
794,00:00:13.233,0.003562644675925926,0.00537109375,0.004937065972222222,0.00037977430555555556
795,00:00:13.250,0.0030834056712962968,0.00537109375,0.0034993489583333335,0.00037977430555555556
796,00:00:13.267,0.004493995949074073,0.007649739583333333,0.005452473958333333,0.00037977430555555556
797,00:00:13.283,0.01780418113425926,0.047037760416666664,0.004991319444444444,0.0013834635416666667
798,00:00:13.300,0.003861038773148148,0.0078125,0.0033365885416666665,0.00043402777777777775
799,00:00:13.317,0.02692780671296296,0.06646050347222222,0.012288411458333334,0.0020345052083333335
800,00:00:13.333,0.024956597222222224,0.06222873263888889,0.010416666666666666,0.002224392361111111
801,00:00:13.350,0.01639359085648148,0.035454644097222224,0.012125651041666666,0.0016004774305555555
802,00:00:13.367,0.00390625,0.007649739583333333,0.003716362847222222,0.00035264756944444444
803,00:00:13.383,0.20643446180555558,0.5644802517361112,0.017849392361111112,0.03697374131944445
804,00:00:13.400,0.030825014467592598,0.08477105034722222,0.005777994791666667,0.001925998263888889
805,00:00:13.417,0.01291232638888889,0.021864149305555556,0.016140407986111112,0.000732421875
806,00:00:13.433,0.011872468171296295,0.022135416666666668,0.012858072916666666,0.0006239149305555555
807,00:00:13.450,0.018970630787037035,0.04855685763888889,0.007215711805555556,0.0011393229166666667
808,00:00:13.467,0.01710792824074074,0.04123263888888889,0.009114583333333334,0.0009765625
809,00:00:13.483,0.00979275173611111,0.01953125,0.009412977430555556,0.00043402777777777775
810,00:00:13.500,0.12801106770833334,0.3493109809027778,0.012993706597222222,0.021728515625
811,00:00:13.517,0.03894495081018519,0.0995822482638889,0.013047960069444444,0.004204644097222222
812,00:00:13.533,0.14448603877314814,0.3962673611111111,0.012668185763888888,0.024522569444444444
813,00:00:13.550,0.13746925636574073,0.3779568142361111,0.011284722222222222,0.023166232638888888
814,00:00:13.567,0.16197374131944445,0.4415961371527778,0.019341362847222224,0.024983723958333332
815,00:00:13.583,0.02154767071759259,0.050347222222222224,0.012776692708333334,0.0015190972222222222
816,00:00:13.600,0.008761935763888888,0.01953125,0.006320529513888889,0.00043402777777777775
817,00:00:13.617,0.009087456597222222,0.01953125,0.007297092013888889,0.00043402777777777775
818,00:00:13.633,0.009412977430555556,0.02197265625,0.005777994791666667,0.00048828125
819,00:00:13.650,1.3701623987268519,1.83203125,2.1822645399305554,0.09619140625
820,00:00:13.667,1.6910807291666667,1.5759006076388888,3.405734592013889,0.09160698784722222
821,00:00:13.683,1.689281322337963,1.4712185329861112,3.5403917100694446,0.056233723958333336
822,00:00:13.700,1.597502531828704,1.6600748697916667,3.0638292100694446,0.068603515625
823,00:00:13.717,1.326443142361111,1.2831759982638888,2.642550998263889,0.05360243055555555
824,00:00:13.733,1.5641095196759258,1.3643391927083333,3.2745225694444446,0.053466796875
825,00:00:13.750,1.1691532841435186,0.8347981770833334,2.633572048611111,0.03908962673611111
826,00:00:13.767,1.4148491753472223,1.1572265625,3.039577907986111,0.04774305555555555
827,00:00:13.783,1.3212528935185186,0.9226345486111112,2.9876030815972223,0.053521050347222224
828,00:00:13.800,1.7801287615740742,1.7321234809027777,3.508273654513889,0.09998914930555555
829,00:00:13.817,1.7461118344907407,1.761962890625,3.3755967881944446,0.10077582465277778
830,00:00:13.833,1.6315737123842593,1.6072048611111112,3.214572482638889,0.07294379340277778
831,00:00:13.850,1.1341145833333333,1.3031684027777777,2.037353515625,0.061821831597222224
832,00:00:13.867,0.39701786747685186,0.8270128038194444,0.2996419270833333,0.06439887152777778
833,00:00:13.883,0.04985894097222222,0.140869140625,0.005045572916666667,0.003662109375
834,00:00:13.900,0.01593243634259259,0.041341145833333336,0.004286024305555556,0.002170138888888889
835,00:00:13.917,0.01223415798611111,0.031901041666666664,0.004014756944444444,0.0007866753472222222
836,00:00:13.933,0.017623336226851853,0.046875,0.004692925347222222,0.0013020833333333333
837,00:00:13.950,0.015525535300925925,0.041178385416666664,0.004258897569444444,0.0011393229166666667
838,00:00:13.967,0.011284722222222224,0.029459635416666668,0.003662109375,0.000732421875
839,00:00:13.983,0.016963252314814815,0.046549479166666664,0.003228081597222222,0.0011121961805555555
840,00:00:14.000,0.011863425925925925,0.031901041666666664,0.002902560763888889,0.0007866753472222222
841,00:00:14.017,0.014015480324074072,0.036783854166666664,0.004367404513888889,0.0008951822916666666
842,00:00:14.033,0.020598234953703703,0.0439453125,0.015489366319444444,0.0023600260416666665
843,00:00:14.050,0.006202980324074073,0.012668185763888888,0.004909939236111111,0.0010308159722222222
844,00:00:14.067,0.009096498842592593,0.021185980902777776,0.00439453125,0.001708984375
845,00:00:14.083,0.2191207320601852,0.5804307725694444,0.030110677083333332,0.046820746527777776
846,00:00:14.100,0.028799551504629633,0.07584635416666667,0.008734809027777778,0.0018174913194444445
847,00:00:14.117,0.03559932002314815,0.09174262152777778,0.011935763888888888,0.003119574652777778
848,00:00:14.133,0.01708984375,0.045572916666666664,0.004448784722222222,0.001247829861111111
849,00:00:14.150,0.016972294560185185,0.042805989583333336,0.006971571180555556,0.0011393229166666667
850,00:00:14.167,0.015606915509259259,0.038248697916666664,0.007432725694444444,0.0011393229166666667
851,00:00:14.183,0.012161820023148149,0.030164930555555556,0.005533854166666667,0.0007866753472222222
852,00:00:14.200,0.011827256944444446,0.03173828125,0.0030381944444444445,0.0007052951388888889
853,00:00:14.217,0.017496744791666664,0.04481336805555555,0.006564670138888889,0.0011121961805555555
854,00:00:14.233,0.00925021701388889,0.023057725694444444,0.004177517361111111,0.0005154079861111111
855,00:00:14.250,0.3439670138888889,0.9058973524305556,0.06317816840277778,0.06282552083333333
856,00:00:14.267,0.009096498842592593,0.0166015625,0.008843315972222222,0.0018446180555555555
857,00:00:14.283,0.0012026186342592594,0.0,0.0035264756944444445,8.138020833333333e-05
858,00:00:14.300,0.01641167534722222,0.04248046875,0.005289713541666667,0.00146484375
859,00:00:14.317,0.007016782407407408,0.015625,0.004584418402777778,0.0008409288194444445
860,00:00:14.333,0.0010127314814814814,0.0,0.0030110677083333335,2.712673611111111e-05
861,00:00:14.350,0.003680193865740741,0.0035264756944444445,0.007188585069444444,0.0003255208333333333
862,00:00:14.367,0.0018355758101851853,0.00244140625,0.002956814236111111,0.00010850694444444444
863,00:00:14.383,0.010959201388888888,0.029296875,0.002875434027777778,0.0007052951388888889
864,00:00:14.400,0.005660445601851852,0.01220703125,0.004421657986111111,0.00035264756944444444
865,00:00:14.417,0.014693648726851851,0.03955078125,0.003363715277777778,0.0011664496527777778
866,00:00:14.433,0.004792390046296296,0.01220703125,0.0018446180555555555,0.0003255208333333333
867,00:00:14.450,0.004674840856481482,0.01220703125,0.001491970486111111,0.0003255208333333333
868,00:00:14.467,0.00535300925925926,0.01220703125,0.0035264756944444445,0.0003255208333333333
869,00:00:14.483,0.005334924768518518,0.01220703125,0.003445095486111111,0.00035264756944444444
870,00:00:14.500,0.004792390046296296,0.01220703125,0.0018446180555555555,0.0003255208333333333
871,00:00:14.517,0.004783347800925926,0.01220703125,0.0018174913194444445,0.0003255208333333333
872,00:00:14.533,0.005298755787037038,0.01220703125,0.003363715277777778,0.0003255208333333333
873,00:00:14.550,0.015281394675925925,0.041015625,0.0029296875,0.0018988715277777778
874,00:00:14.567,0.005995008680555555,0.0146484375,0.0029296875,0.0004069010416666667
875,00:00:14.583,0.004855685763888889,0.01220703125,0.0020345052083333335,0.0003255208333333333
876,00:00:14.600,0.005461516203703704,0.012532552083333334,0.003390842013888889,0.0004611545138888889
877,00:00:14.617,0.19900173611111113,0.5450846354166666,0.011555989583333334,0.040364583333333336
878,00:00:14.633,0.02529116030092593,0.062310112847222224,0.010959201388888888,0.0026041666666666665
879,00:00:14.650,0.02044451678240741,0.04136827256944445,0.013563368055555556,0.006401909722222222
880,00:00:14.667,0.010353370949074075,0.027126736111111112,0.0033094618055555555,0.0006239149305555555
881,00:00:14.683,0.011773003472222224,0.029296875,0.0013292100694444445,0.004692925347222222
882,00:00:14.700,0.010932074652777778,0.02685546875,0.0013292100694444445,0.004611545138888889
883,00:00:14.717,0.0005425347222222222,0.0,0.0016276041666666667,0.0
884,00:00:14.733,0.0004069010416666667,0.0,0.001220703125,0.0
885,00:00:14.750,0.00035264756944444444,0.0,0.0010579427083333333,0.0
886,00:00:14.767,0.00044307002314814816,0.0,0.0013292100694444445,0.0
887,00:00:14.783,0.0005154079861111111,0.0,0.0015462239583333333,0.0
888,00:00:14.800,0.00039785879629629633,0.0,0.001193576388888889,0.0
889,00:00:14.817,0.00036168981481481485,0.0,0.0010850694444444445,0.0
890,00:00:14.833,0.0004069010416666667,0.0,0.001220703125,0.0
891,00:00:14.850,0.0005063657407407407,0.0,0.0015190972222222222,0.0
892,00:00:14.867,0.0004249855324074074,0.0,0.0012749565972222222,0.0
893,00:00:14.883,0.8334508825231483,2.2454155815972223,0.126220703125,0.1287163628472222
894,00:00:14.900,0.0001537181712962963,0.0,0.0004611545138888889,0.0
895,00:00:14.917,0.007450810185185185,0.0,0.021999782986111112,0.00035264756944444444
896,00:00:14.933,0.0031195746527777775,0.0,0.009250217013888888,0.00010850694444444444
897,00:00:14.950,0.006329571759259259,0.011990017361111112,0.005805121527777778,0.001193576388888889
898,00:00:14.967,0.001808449074074074,0.0010850694444444445,0.004177517361111111,0.00016276041666666666
899,00:00:14.983,0.0010941116898148147,0.0,0.003228081597222222,5.425347222222222e-05
900,00:00:15.000,0.007432725694444445,0.016872829861111112,0.004096137152777778,0.0013292100694444445
901,00:00:15.017,0.0012839988425925927,0.0,0.003851996527777778,0.0
902,00:00:15.033,0.0008951822916666666,0.0,0.002685546875,0.0
903,00:00:15.050,0.0010217737268518518,0.0,0.0030653211805555555,0.0
904,00:00:15.067,7.233796296296296e-05,0.0,0.00021701388888888888,0.0
905,00:00:15.083,0.00019892939814814816,0.0,0.0005967881944444445,0.0
906,00:00:15.100,0.0,0.0,0.0,0.0
907,00:00:15.117,0.0,0.0,0.0,0.0
908,00:00:15.133,0.0,0.0,0.0,0.0
909,00:00:15.150,0.0,0.0,0.0,0.0
910,00:00:15.167,0.0,0.0,0.0,0.0
911,00:00:15.183,0.0,0.0,0.0,0.0
912,00:00:15.200,0.0,0.0,0.0,0.0
913,00:00:15.217,0.0,0.0,0.0,0.0
914,00:00:15.233,3.616898148148148e-05,0.0,0.00010850694444444444,0.0
915,00:00:15.250,4.5211226851851856e-05,0.0,0.00013563368055555556,0.0
916,00:00:15.267,0.0,0.0,0.0,0.0
917,00:00:15.283,3.616898148148148e-05,0.0,0.00010850694444444444,0.0
918,00:00:15.300,0.0,0.0,0.0,0.0
919,00:00:15.317,0.0,0.0,0.0,0.0
920,00:00:15.333,0.0,0.0,0.0,0.0
921,00:00:15.350,0.0,0.0,0.0,0.0
922,00:00:15.367,0.0,0.0,0.0,0.0
923,00:00:15.383,0.0,0.0,0.0,0.0
924,00:00:15.400,0.0,0.0,0.0,0.0
925,00:00:15.417,0.0006781684027777779,0.0,0.0020345052083333335,0.0
926,00:00:15.433,0.0003255208333333333,0.0,0.0009765625,0.0
927,00:00:15.450,0.0002803096064814815,0.0,0.0008409288194444445,0.0
928,00:00:15.467,0.0,0.0,0.0,0.0
929,00:00:15.483,0.0,0.0,0.0,0.0
930,00:00:15.500,0.0,0.0,0.0,0.0
931,00:00:15.517,0.0,0.0,0.0,0.0
932,00:00:15.533,0.0,0.0,0.0,0.0
933,00:00:15.550,0.0,0.0,0.0,0.0
934,00:00:15.567,0.0,0.0,0.0,0.0
935,00:00:15.583,0.0,0.0,0.0,0.0
936,00:00:15.600,0.0,0.0,0.0,0.0
937,00:00:15.617,0.0,0.0,0.0,0.0
938,00:00:15.633,0.0,0.0,0.0,0.0
939,00:00:15.650,0.0,0.0,0.0,0.0
940,00:00:15.667,0.0,0.0,0.0,0.0
941,00:00:15.683,0.0,0.0,0.0,0.0
942,00:00:15.700,0.0,0.0,0.0,0.0
943,00:00:15.717,0.0,0.0,0.0,0.0
944,00:00:15.733,0.0,0.0,0.0,0.0
945,00:00:15.750,0.0,0.0,0.0,0.0
946,00:00:15.767,0.0,0.0,0.0,0.0
947,00:00:15.783,0.0,0.0,0.0,0.0
948,00:00:15.800,0.0,0.0,0.0,0.0
949,00:00:15.817,0.0,0.0,0.0,0.0
950,00:00:15.833,0.0,0.0,0.0,0.0
951,00:00:15.850,0.0,0.0,0.0,0.0
952,00:00:15.867,0.0,0.0,0.0,0.0
953,00:00:15.883,0.0,0.0,0.0,0.0
954,00:00:15.900,0.0,0.0,0.0,0.0
955,00:00:15.917,0.0,0.0,0.0,0.0
956,00:00:15.933,0.0,0.0,0.0,0.0
957,00:00:15.950,0.0,0.0,0.0,0.0
958,00:00:15.967,0.0,0.0,0.0,0.0
959,00:00:15.983,0.0,0.0,0.0,0.0
960,00:00:16.000,0.0,0.0,0.0,0.0
961,00:00:16.017,0.0,0.0,0.0,0.0
962,00:00:16.033,0.0,0.0,0.0,0.0
963,00:00:16.050,0.0,0.0,0.0,0.0
964,00:00:16.067,0.0,0.0,0.0,0.0
965,00:00:16.083,0.0,0.0,0.0,0.0
966,00:00:16.100,0.0,0.0,0.0,0.0
967,00:00:16.117,0.0,0.0,0.0,0.0
968,00:00:16.133,0.0,0.0,0.0,0.0
969,00:00:16.150,0.0,0.0,0.0,0.0
970,00:00:16.167,0.0,0.0,0.0,0.0
971,00:00:16.183,0.0,0.0,0.0,0.0
972,00:00:16.200,0.0,0.0,0.0,0.0
973,00:00:16.217,0.0,0.0,0.0,0.0
974,00:00:16.233,0.0,0.0,0.0,0.0
975,00:00:16.250,0.0,0.0,0.0,0.0
976,00:00:16.267,0.0,0.0,0.0,0.0
977,00:00:16.283,0.0,0.0,0.0,0.0
978,00:00:16.300,0.0,0.0,0.0,0.0
979,00:00:16.317,0.0,0.0,0.0,0.0
980,00:00:16.333,0.0,0.0,0.0,0.0
981,00:00:16.350,0.0,0.0,0.0,0.0
982,00:00:16.367,0.0,0.0,0.0,0.0
983,00:00:16.383,0.0,0.0,0.0,0.0
984,00:00:16.400,0.0,0.0,0.0,0.0
985,00:00:16.417,0.0,0.0,0.0,0.0
986,00:00:16.433,0.0,0.0,0.0,0.0
987,00:00:16.450,0.0,0.0,0.0,0.0
988,00:00:16.467,0.0,0.0,0.0,0.0
989,00:00:16.483,0.0,0.0,0.0,0.0
990,00:00:16.500,0.0,0.0,0.0,0.0
991,00:00:16.517,0.0,0.0,0.0,0.0
992,00:00:16.533,0.0,0.0,0.0,0.0
993,00:00:16.550,0.0,0.0,0.0,0.0
994,00:00:16.567,0.0,0.0,0.0,0.0
995,00:00:16.583,0.0,0.0,0.0,0.0
996,00:00:16.600,0.0,0.0,0.0,0.0
997,00:00:16.617,0.0,0.0,0.0,0.0
998,00:00:16.633,0.0,0.0,0.0,0.0
999,00:00:16.650,0.0,0.0,0.0,0.0
1000,00:00:16.667,0.0,0.0,0.0,0.0
1001,00:00:16.683,0.0,0.0,0.0,0.0
1002,00:00:16.700,0.0,0.0,0.0,0.0
1003,00:00:16.717,0.0,0.0,0.0,0.0
1004,00:00:16.733,0.0,0.0,0.0,0.0
1005,00:00:16.750,0.0,0.0,0.0,0.0
1006,00:00:16.767,0.0,0.0,0.0,0.0
1007,00:00:16.783,0.0,0.0,0.0,0.0
1008,00:00:16.800,0.0,0.0,0.0,0.0
1009,00:00:16.817,0.0,0.0,0.0,0.0
1010,00:00:16.833,0.0,0.0,0.0,0.0
1011,00:00:16.850,0.0,0.0,0.0,0.0
1012,00:00:16.867,0.0,0.0,0.0,0.0
1013,00:00:16.883,0.0,0.0,0.0,0.0
1014,00:00:16.900,0.0,0.0,0.0,0.0
1015,00:00:16.917,0.0,0.0,0.0,0.0
1016,00:00:16.933,0.0,0.0,0.0,0.0
1017,00:00:16.950,0.0,0.0,0.0,0.0
1018,00:00:16.967,0.0,0.0,0.0,0.0
1019,00:00:16.983,0.0,0.0,0.0,0.0
1020,00:00:17.000,0.0,0.0,0.0,0.0
1021,00:00:17.017,0.0,0.0,0.0,0.0
1022,00:00:17.033,0.0,0.0,0.0,0.0
1023,00:00:17.050,0.0,0.0,0.0,0.0
1024,00:00:17.067,0.0,0.0,0.0,0.0
1025,00:00:17.083,0.0,0.0,0.0,0.0
1026,00:00:17.100,0.0,0.0,0.0,0.0
1027,00:00:17.117,0.0,0.0,0.0,0.0
1028,00:00:17.133,0.0,0.0,0.0,0.0
1029,00:00:17.150,0.0,0.0,0.0,0.0
1030,00:00:17.167,0.0,0.0,0.0,0.0
1031,00:00:17.183,0.0,0.0,0.0,0.0
1032,00:00:17.200,0.0,0.0,0.0,0.0
1033,00:00:17.217,0.0,0.0,0.0,0.0
1034,00:00:17.233,0.0,0.0,0.0,0.0
1035,00:00:17.250,0.0,0.0,0.0,0.0
1036,00:00:17.267,0.0,0.0,0.0,0.0
1037,00:00:17.283,0.0,0.0,0.0,0.0
1038,00:00:17.300,0.0,0.0,0.0,0.0
1039,00:00:17.317,0.0,0.0,0.0,0.0
1040,00:00:17.333,0.0,0.0,0.0,0.0
1041,00:00:17.350,0.0,0.0,0.0,0.0
1042,00:00:17.367,0.0,0.0,0.0,0.0
1043,00:00:17.383,0.0,0.0,0.0,0.0
1044,00:00:17.400,0.0,0.0,0.0,0.0
1045,00:00:17.417,0.008807146990740741,0.0,0.026421440972222224,0.0
1046,00:00:17.433,0.008861400462962963,0.0,0.026584201388888888,0.0
1047,00:00:17.450,0.00876193576388889,0.0,0.026285807291666668,0.0
1048,00:00:17.467,0.00853587962962963,0.0,0.025607638888888888,0.0
1049,00:00:17.483,0.008165147569444444,0.0,0.024495442708333332,0.0
1050,00:00:17.500,0.00806568287037037,0.0,0.024197048611111112,0.0
1051,00:00:17.517,0.008002387152777778,0.0,0.024007161458333332,0.0
1052,00:00:17.533,0.00830982349537037,0.0,0.024929470486111112,0.0
1053,00:00:17.550,0.010715060763888888,0.00244140625,0.029568142361111112,0.00013563368055555556
1054,00:00:17.567,0.008942780671296295,0.0,0.026801215277777776,2.712673611111111e-05
1055,00:00:17.583,0.00926830150462963,0.0,0.027777777777777776,2.712673611111111e-05
1056,00:00:17.600,1.1369900173611114,2.3655598958333335,0.9203016493055556,0.12510850694444445
1057,00:00:17.617,0.8404224537037037,1.668212890625,0.7510579427083334,0.10199652777777778
1058,00:00:17.633,0.7656792534722222,1.4772677951388888,0.7366265190972222,0.08314344618055555
1059,00:00:17.650,0.8071469907407408,1.5663248697916667,0.7741156684027778,0.08100043402777778
1060,00:00:17.667,0.8216688368055555,1.5370822482638888,0.8505859375,0.07733832465277778
1061,00:00:17.683,0.9214228877314814,1.8490668402777777,0.8333062065972222,0.08189561631944445
1062,00:00:17.700,0.8521502459490741,1.6282280815972223,0.8508843315972222,0.07733832465277778
1063,00:00:17.717,0.8817455150462964,1.6035427517361112,0.9600965711805556,0.08159722222222222
1064,00:00:17.733,0.9637225115740741,1.8214246961805556,0.9852430555555556,0.0844997829861111
1065,00:00:17.750,0.9884620949074074,1.8205023871527777,1.0665418836805556,0.0783420138888889
1066,00:00:17.767,1.1146014178240742,2.1431749131944446,1.10400390625,0.09662543402777778
1067,00:00:17.783,1.8257016782407405,3.014675564236111,2.3018934461805554,0.16053602430555555
1068,00:00:17.800,0.9571216724537037,1.4822319878472223,1.3044162326388888,0.084716796875
1069,00:00:17.817,1.028880931712963,1.6034071180555556,1.4005533854166667,0.08268229166666667
1070,00:00:17.833,1.014133029513889,1.5143771701388888,1.4457194010416667,0.0823025173611111
1071,00:00:17.850,1.9051920572916667,2.5667860243055554,3.0275336371527777,0.12125651041666667
1072,00:00:17.867,1.1952220775462965,1.6926812065972223,1.8127712673611112,0.08021375868055555
1073,00:00:17.883,1.2130172164351851,1.7213270399305556,1.8388671875,0.078857421875
1074,00:00:17.900,1.2205765335648149,1.5954047309027777,1.9900444878472223,0.07628038194444445
1075,00:00:17.917,1.5970323350694444,2.5043402777777777,2.172607421875,0.11414930555555555
1076,00:00:17.933,1.449517144097222,1.9811197916666667,2.271945529513889,0.0954861111111111
1077,00:00:17.950,1.413275824652778,1.8818088107638888,2.2774522569444446,0.08056640625
1078,00:00:17.967,2.792986834490741,3.2891710069444446,4.938340928819445,0.15144856770833334
1079,00:00:17.983,1.565402560763889,1.808837890625,2.7969292534722223,0.09044053819444445
1080,00:00:18.000,1.6486725983796298,1.8605685763888888,2.992458767361111,0.0929904513888889
1081,00:00:18.017,1.7053493923611114,1.8604058159722223,3.1700303819444446,0.08561197916666667
1082,00:00:18.033,1.7939362702546298,1.9885796440972223,3.304172092013889,0.08905707465277778
1083,00:00:18.050,1.7999584056712965,1.8081325954861112,3.5182562934027777,0.073486328125
1084,00:00:18.067,1.9266945167824074,1.9690483940972223,3.735324435763889,0.0757107204861111
1085,00:00:18.083,2.0087890625,1.9507378472222223,4.009114583333333,0.06651475694444445
1086,00:00:18.100,2.0997630931712963,1.9819064670138888,4.223171657986111,0.0942111545138889
1087,00:00:18.117,4.086697048611112,3.5244683159722223,8.600667317708334,0.1349555121527778
1088,00:00:18.133,2.3571867766203702,1.8845486111111112,5.108642578125,0.078369140625
1089,00:00:18.150,2.5636845341435186,2.145046657986111,5.467122395833333,0.0788845486111111
1090,00:00:18.167,4.680727358217593,3.0526258680555554,10.86032443576389,0.12923177083333334
1091,00:00:18.183,2.7717375578703702,1.6656087239583333,6.562255859375,0.08734809027777778
1092,00:00:18.200,2.9273546006944446,1.5986599392361112,7.110894097222222,0.072509765625
1093,00:00:18.217,3.0955674913194446,1.6533203125,7.55859375,0.07478841145833333
1094,00:00:18.233,3.1513310185185186,1.4881998697916667,7.904541015625,0.06125217013888889
1095,00:00:18.250,3.2582013165509256,1.3245171440972223,8.38747829861111,0.06260850694444445
1096,00:00:18.267,3.40869140625,1.5756293402777777,8.58642578125,0.06401909722222222
1097,00:00:18.283,3.606174045138889,1.7684733072916667,8.97802734375,0.072021484375
1098,00:00:18.300,3.743100766782407,1.7783474392361112,9.38406032986111,0.06689453125
1099,00:00:18.317,3.8208912037037037,1.5751953125,9.82421875,0.0632595486111111
1100,00:00:18.333,6.731110749421297,2.1730414496527777,17.917371961805557,0.10291883680555555
1101,00:00:18.350,4.181441695601852,1.5750596788194444,10.89626736111111,0.072998046875
1102,00:00:18.367,7.686234085648148,3.092529296875,19.837266710069443,0.12890625
1103,00:00:18.383,4.955919053819445,2.4542371961805554,12.300862630208334,0.11265733506944445
1104,00:00:18.400,5.233380353009259,2.708224826388889,12.84450954861111,0.1474066840277778
1105,00:00:18.417,5.625913266782407,3.4769965277777777,13.185302734375,0.21544053819444445
1106,00:00:18.433,5.405716507523148,3.4603135850694446,12.518174913194445,0.23866102430555555
1107,00:00:18.450,5.114854600694445,3.2763671875,11.806993272569445,0.2612033420138889
1108,00:00:18.467,4.489619502314815,3.0956488715277777,10.145751953125,0.22745768229166666
1109,00:00:18.483,4.04004810474537,2.892849392361111,8.994249131944445,0.23304578993055555
1110,00:00:18.500,5.811478226273148,4.401123046875,12.712158203125,0.3211534288194444
1111,00:00:18.517,3.1606354890046298,2.494601779513889,6.76708984375,0.22021484375
1112,00:00:18.533,2.7971100983796298,2.2827690972222223,5.898708767361111,0.20985243055555555
1113,00:00:18.550,2.444959852430556,1.9587131076388888,5.143039279513889,0.2331271701388889
1114,00:00:18.567,2.260498046875,1.8579372829861112,4.697129991319445,0.22642686631944445
1115,00:00:18.583,2.1597222222222223,1.8770887586805556,4.383897569444445,0.21818033854166666
1116,00:00:18.600,1.8196433738425926,1.4584689670138888,3.839328342013889,0.1611328125
1117,00:00:18.617,2.9552680121527772,2.4210069444444446,6.289143880208333,0.15565321180555555
1118,00:00:18.633,1.6722999855324074,1.5276150173611112,3.363009982638889,0.1262749565972222
1119,00:00:18.650,1.7466001157407407,1.5166286892361112,3.5845269097222223,0.1386447482638889
1120,00:00:18.667,1.7827962239583333,1.4832356770833333,3.7360297309027777,0.1291232638888889
1121,00:00:18.683,2.0185908564814814,1.8248155381944444,4.022243923611111,0.2087131076388889
1122,00:00:18.700,3.6845612702546298,2.7223036024305554,7.971815321180555,0.3595648871527778
1123,00:00:18.717,2.0873390480324074,1.4638671875,4.484673394097222,0.3134765625
1124,00:00:18.733,2.119258174189815,1.462890625,4.601182725694445,0.293701171875
1125,00:00:18.750,2.1384819878472223,1.3617078993055556,4.808349609375,0.2453884548611111
1126,00:00:18.767,2.2649649160879632,1.44677734375,5.137125651041667,0.2109917534722222
1127,00:00:18.783,2.2261646412037037,1.2179090711805556,5.281711154513889,0.17887369791666666
1128,00:00:18.800,2.4551685474537037,1.4431966145833333,5.72705078125,0.1952582465277778
1129,00:00:18.817,2.651593243634259,1.6875813802083333,6.080837673611111,0.18636067708333334
1130,00:00:18.833,2.7490324797453702,1.7336154513888888,6.375434027777778,0.13804796006944445
1131,00:00:18.850,2.8944769965277772,1.7419976128472223,6.817220052083333,0.12421332465277778
1132,00:00:18.867,3.1436360677083335,1.8333333333333333,7.481499565972222,0.11607530381944445
1133,00:00:18.883,6.427399811921297,3.2103678385416665,15.875596788194445,0.1962348090277778
1134,00:00:18.900,4.206407335069445,1.9212510850694444,10.564154730902779,0.1338161892361111
1135,00:00:18.917,4.411657262731482,1.6939561631944444,11.38327365451389,0.1577419704861111
1136,00:00:18.933,4.968505859375,1.9803602430555556,12.698567708333334,0.2265896267361111
1137,00:00:18.950,5.514784071180556,2.2118326822916665,14.118055555555555,0.21446397569444445
1138,00:00:18.967,6.213803891782407,2.1795789930555554,16.21660698784722,0.24522569444444445
1139,00:00:18.983,6.827085141782407,2.6214192708333335,17.568440755208332,0.2913953993055556
1140,00:00:19.000,7.5571469907407405,3.1373155381944446,19.23198784722222,0.3021375868055556
1141,00:00:19.017,8.091109664351853,3.2540418836805554,20.658582899305557,0.3607042100694444
1142,00:00:19.033,8.413266782407407,3.748508029513889,21.084825303819443,0.4064670138888889
1143,00:00:19.050,6.996211299189814,3.646999782986111,16.9921875,0.3494466145833333
1144,00:00:19.067,4.104709201388889,2.4015028211805554,9.55343967013889,0.3591851128472222
1145,00:00:19.083,0.8886899594907408,0.1174045138888889,2.3831380208333335,0.16552734375
1146,00:00:19.100,0.7560673466435185,0.0,2.2682020399305554,0.0
1147,00:00:19.117,0.7474229600694445,0.0,2.2422688802083335,0.0
1148,00:00:19.133,0.7640064380787037,0.0,2.292019314236111,0.0
1149,00:00:19.150,0.7607602719907408,0.0,2.2822808159722223,0.0
1150,00:00:19.167,0.9540292245370371,0.0,2.862087673611111,0.0
1151,00:00:19.183,3.0365125868055554,0.0,9.109537760416666,0.0
1152,00:00:19.200,0.1439254195601852,0.0,0.4317762586805556,0.0
1153,00:00:19.217,0.1576877170138889,0.0,0.4730631510416667,0.0
1154,00:00:19.233,0.16285988136574073,0.0,0.4885796440972222,0.0
1155,00:00:19.250,0.18722873263888887,0.0,0.5616861979166666,0.0
1156,00:00:19.267,0.19437210648148148,0.0,0.5831163194444444,0.0
1157,00:00:19.283,0.20676902488425927,0.0,0.6203070746527778,0.0
1158,00:00:19.300,0.20150643807870372,0.0,0.6045193142361112,0.0
1159,00:00:19.317,0.19442635995370372,0.0,0.5832790798611112,0.0
1160,00:00:19.333,0.2254050925925926,0.0,0.6762152777777778,0.0
1161,00:00:19.350,0.29533781828703703,0.0,0.8860134548611112,0.0
1162,00:00:19.367,0.6873372395833334,0.0,2.06201171875,0.0
1163,00:00:19.383,0.5387188946759259,0.0,1.6161566840277777,0.0
1164,00:00:19.400,0.45647967303240744,0.0,1.3694390190972223,0.0
1165,00:00:19.417,0.21548574942129628,0.0,0.6464572482638888,0.0
1166,00:00:19.433,0.2523238570601852,0.0,0.7569715711805556,0.0
1167,00:00:19.450,0.27483000578703703,0.0,0.8244900173611112,0.0
1168,00:00:19.467,0.28218135127314814,0.0,0.8465440538194444,0.0
1169,00:00:19.483,0.39336480034722227,0.0,1.1800944010416667,0.0
1170,00:00:19.500,0.5107512297453703,0.0,1.5322536892361112,0.0
1171,00:00:19.517,0.5524992766203703,0.0,1.6574978298611112,0.0
1172,00:00:19.533,0.5249656394675926,0.0,1.5748969184027777,0.0
1173,00:00:19.550,0.3053656684027778,0.0,0.9160970052083334,0.0
1174,00:00:19.567,0.3866192853009259,0.0,1.1598578559027777,0.0
1175,00:00:19.583,0.5837492766203703,0.0,1.7512478298611112,0.0
1176,00:00:19.600,0.5854944299768519,0.0,1.7564832899305556,0.0
1177,00:00:19.617,0.43534794560185186,0.0,1.3060438368055556,0.0
1178,00:00:19.633,1.3737883391203702,0.0,4.121365017361111,0.0
1179,00:00:19.650,0.6122866030092592,0.0,1.8368598090277777,0.0
1180,00:00:19.667,1.3089825665509258,0.0,3.9269476996527777,0.0
1181,00:00:19.683,0.7216706452546297,0.0,2.165011935763889,0.0
1182,00:00:19.700,1.3671242042824074,0.0,4.101372612847222,0.0
1183,00:00:19.717,0.7035680700231483,0.0,2.1107042100694446,0.0
1184,00:00:19.733,0.6438982928240741,0.0,1.9316948784722223,0.0
1185,00:00:19.750,0.6410590277777778,0.0,1.9231770833333333,0.0
1186,00:00:19.767,0.7969111689814815,0.0,2.3907335069444446,0.0
1187,00:00:19.783,0.7549280237268517,0.0,2.2647840711805554,0.0
1188,00:00:19.800,0.8646285445601851,0.0,2.5938856336805554,0.0
1189,00:00:19.817,0.8444733796296297,0.0,2.533420138888889,0.0
1190,00:00:19.833,0.6580674913194444,0.0,1.9742024739583333,0.0
1191,00:00:19.850,0.9284848813657408,0.0,2.7854546440972223,0.0
1192,00:00:19.867,1.3964662905092593,0.0,4.189398871527778,0.0
1193,00:00:19.883,0.6929886429398149,0.0,2.0789659288194446,0.0
1194,00:00:19.900,1.0573820891203705,0.0,3.172146267361111,0.0
1195,00:00:19.917,1.2548195167824074,0.0,3.7644585503472223,0.0
1196,00:00:19.933,1.105052806712963,0.0,3.315158420138889,0.0
1197,00:00:19.950,1.1498933015046295,0.0,3.449679904513889,0.0
1198,00:00:19.967,1.0138075086805556,0.0,3.0414225260416665,0.0
1199,00:00:19.983,1.0732331452546295,0.0,3.219699435763889,0.0
